,Pathway,ID,Equation,reaction_ids,Location on map,Glucose MFA Flux,Glucose MFA LB,Glucose MFA UB,Glycerol MFA Flux,Glycerol MFA LB,Glycerol MFA UB,Oleic Acid MFA Flux,Oleic Acid MFA LB,Oleic Acid MFA UB,Glucose MFA-Constrained GSM LB,Glucose MFA-Constrained GSM UB,Glycerol MFA-Constrained GSM LB,Glycerol MFA-Constrained GSM UB,Oleic Acid MFA-Constrained GSM LB,Oleic Acid MFA-Constrained GSM UB
0,uptake,gluc uptake,Glucose + ATP -> G6P,reverse_EX_glc_e,"(-1180, 1175)",100.0,100.0,100.0,,,,,,,100.0,100.0,0.0,-0.0,0.0,-0.0
1,uptake,glyc uptake,Glycerol -> GLYC,reverse_GLYCt,"(-1376, 417)",,,,100.0,100.0,100.0,,,,-6.273499539505,-0.0,100.0,100.0,-20.75462229912,-0.0
2,uptake,R3.2,GLYC + ATP -> DHAP + 1.5*ATP,,,,,,100.0,100.0,100.0,,,,,,,,,
3,uptake,OA uptake,OA + ATP -> 9*ACCOAcyt + 8*NADH + 12*ATP,OCDCEAt,"(-55, 111)",,,,,,,100.0,100.0,100.0,0.0,-0.0,0.0,-0.0,100.0,100.0
4,glycolysis/gluconeogensis,R4 net,G6P <-> F6P,PGI,"(-1180, 960)",18.0175,9.792,23.5403,-41.3947,-41.5761,-36.5906,-305.8491,-319.0201,-256.517,21.57368176459,23.5403,-36.768931275989,-36.5906,-285.97041991054,-256.517
5,glycolysis/gluconeogensis,R5 net,F6P + ATP <-> FBP,PFK or reverse_FBP,"(-1180, 700)",56.7218,53.3756,59.0811,-20.6531,-20.7135,-19.0518,-144.5891,-148.9667,-128.1481,53.3756,59.0811,-20.7135,-19.895422297215,-148.9667,-129.77558570199
6,glycolysis/gluconeogensis,R6 net,FBP <-> DHAP + GAP,FBA,"(-1184, 515)",56.7218,53.3756,59.0811,-20.6531,-20.7135,-19.0518,-144.5891,-148.9667,-128.1481,53.3756,59.0811,-20.7135,-19.895422297215,-148.9667,-129.77558570199
7,glycolysis/gluconeogensis,R7 net,DHAP <-> GAP,TPI,"(-984, 273)",55.2244,51.7849,57.7445,78.7033,78.6429,80.3046,-152.8556,-157.2308,-136.4145,51.7849,57.17861514122,78.746274668802,79.564984811868,-157.2308,-136.47617770088002
8,glycolysis/gluconeogensis,R8 net,GAP <-> G3P + ATP + NADH,GAPD,"(-700, 250)",130.1644,125.282,135.6607,67.9337,67.8732,69.5346,-218.6947,-223.0502,-202.2536,125.282,135.6607,69.326008605248,69.5346,-242.99969595551002,-191.2902705259
9,glycolysis/gluconeogensis,R9 net,G3P <-> PEP,ENO,"(-980, 15)",125.4818,120.3684,131.5478,66.3897,66.3727,67.9837,-224.0012,-224.3677,-206.2233,120.3684,131.5478,39.35212328276,42.109741813623,-476.99360526108995,-191.2902705259
10,glycolysis/gluconeogensis,R10,PEP -> PYRcyt + ATP,PYK,"(-967, -265)",141.4875,124.1132,190.105,64.3948,64.3778,69.1182,74.1775,6.1338,153.4038,112.086500954896,349.975159008542,37.544440758156,41.821176004611,0.0,618.18715822735
11,glycolysis/gluconeogensis,R32,OAAcyt + ATP -> PEP + CO2,PPCK,"(-1025, -645)",20.6477,5.9625,67.8603,1e-07,0.0,4.7191,305.9919,232.9762,376.4597,0.0,223.880506945889,0.0,2.059840023174,195.85169479510998,817.12607405455
12,pentose phosphate,R11,G6P -> PG6 + NADPH,G6PDH2,"(-754, 1175)",61.4534,55.2801,69.7078,32.5722,27.7687,32.7664,249.1832,199.8452,262.3712,65.498272536974,68.874191312109,32.588534543626,32.7664,223.98673975853998,257.37061687256
13,pentose phosphate,R12.2,PG6 -> Ru5P + CO2 + NADPH,GND,"(-324, 1175)",61.4534,55.2801,69.7078,32.5722,27.7687,32.7664,249.1832,199.8452,262.3712,67.689260507862,69.7078,32.996029746852,33.183478257074,232.91778008946,262.3712
14,pentose phosphate,R13.2 net,Ru5P <-> R5P,reverse_RPI,"(307, 912)",22.7491,20.775,25.492,11.8307,10.2296,11.8911,87.9232,71.4792,92.3178,24.495723581063,25.492,12.1399833573,13.038963048023,81.70335190261,92.3178
15,pentose phosphate,R14.2 net,Ru5P <-> X5P,RPE,"(307, 809)",38.7043,34.5248,44.223,20.7416,17.5389,20.8625,161.26,128.368,170.0534,42.246613975,44.223,19.966183933062,20.8625,140.59998008946,170.0534
16,pentose phosphate,R15.2 net,X5P <-> GAP + TKC2,TKT1 or TKT2,"(533, 302)",38.7043,34.5248,44.223,20.7416,17.5389,20.8625,161.26,128.368,170.0534,42.246613975,44.223,19.966183933062,20.8625,140.59998008946,170.0534
17,pentose phosphate,R16.2 net,E4P + TKC2 <-> F6P,TKT2,"(524, 507)",18.1917,16.0395,20.9632,9.8721,8.2705,9.9325,78.6767,62.2361,83.074,19.080052515394,20.9632,9.610819343666,9.9325,62.2361,83.074
18,pentose phosphate,R17.2 net,R5P + TKC2 <-> S7P,TKT1,"(524, 711)",20.5126,18.4561,23.2611,10.8695,9.2684,10.93,82.5833,66.1369,86.9794,21.889799656549,23.2611,10.298215959843,10.93,71.495371189,86.9794
19,pentose phosphate,R18.2 net,GAP + TAC3 <-> F6P,TALA,"(524, 405)",20.5126,18.4561,23.2611,10.8695,9.2684,10.93,82.5833,66.1369,86.9794,18.4561,23.2611,10.117618440677,10.93,66.1369,86.9794
20,pentose phosphate,R19.2 net,S7P <-> E4P + TAC3,TALA,"(528, 609)",20.5126,18.4561,23.2611,10.8695,9.2684,10.93,82.5833,66.1369,86.9794,18.4561,23.2611,10.117618440677,10.93,66.1369,86.9794
21,TCA cycle,R19,PYRmit -> ACCOAmit + CO2 + NADH,PDHm,"(320, -226)",95.0145,86.6598,102.7414,52.2549,51.4316,53.9256,74.8434,39.1118,128.2408,86.659799999999,102.7414,16.718982323948,21.007392895878,0.0,128.41757129524
22,TCA cycle,R20,ACCOAmit + OAAmit -> CITmit,CSm,"(818, -383)",90.5464,81.9247,98.5614,31.3326,31.3156,32.9674,419.6225,419.256,442.1648,81.9247,98.5614,4.706372745991,6.597195943769,419.25600000000003,442.16479999999996
23,TCA cycle,R21 net,CITmit <-> ICTmit,ACONTm,"(980, -618)",27.3637,13.2107,53.4877,24.3274,23.5168,26.0798,38.7522,18.9638,75.2743,13.2107,53.4877,23.5168,26.0798,18.9638,75.2743
24,TCA cycle,R23,ICTmit -> AKG + CO2 + NADH,ICDHxm,"(1154, -746)",4.1347,0.0,18.0326,24.3274,16.3798,26.0788,38.7522,0.0,75.2709,-1e-12,18.0326,0.0,5.572297259135,0.0,75.2709
25,TCA cycle,R24,ICTmit -> AKG + CO2 + NADPH,ICDHym,"(1154, -825)",23.2289,0.0,33.3765,1e-07,0.0,9.5709,1.0074e-07,0.0,68.886,0.0,33.3765,0.0,5.376150550755,0.0,68.886
26,TCA cycle,R25,AKG -> 0.5*SUCmit + 0.5*SUCmit + CO2 + ATP + NADH,reverse_SUCOASm,"(971, -1014)",15.2273,0.3408,42.8441,19.1117,18.301,20.8642,18.9192,0.0,55.8544,0.340799999999,42.8441,0.0,0.274645336423,0.0,55.8544
27,TCA cycle,R26 net,SUCmit <-> FUMmit + 1.5*ATP,SUCD2_u6m or SUCD1m,"(554, -1035)",31.2799,20.6873,49.1634,25.9059,25.8889,27.5001,399.9094,399.543,423.3663,23.0833,49.1634,0.0,0.514960005793,403.5453,423.3663
28,TCA cycle,R27 net,0.5*FUMmit + 0.5*FUMmit <-> 0.5*MALmit + 0.5*MALmit,FUMm,"(273, -890)",33.5743,23.0833,51.1684,26.8919,26.8749,28.4859,403.9094,403.5453,427.1788,23.0833,49.1634,0.0,0.514960005793,403.5453,423.3663
29,TCA cycle,R28 net,MALmit <-> OAAmit + NADH,MDHm,"(409, -643)",105.1592,90.7308,112.1369,31.4005,31.3156,33.0513,451.0288,424.6343,475.596,90.7308,112.1369,31.3156,33.0513,424.63430000000005,475.596
30,pyruvate metabolism,R29,MALmit -> PYRmit + CO2 + NADH,ME1m,"(222, -439)",1.8687,0.0,8.9569,0.8004,0.0,1.6748,27.7589,0.0,105.1929,0.0,214.967787706704,0.0,2.746453364232,0.0,824.2495443031299
31,pyruvate metabolism,R31,PYRcyt + CO2 + ATP -> OAAcyt,PC,"(-601, -596)",30.9185,20.9578,78.6923,5.4526,4.5762,8.8553,,,,0.0,273.534646946334,12.294372182021,16.117090951105,0.0,703.14284561235
32,pyruvate metabolism,R35,AA -> AC + NADH,ALDD2y,,1.5129,0.689,2.4518,1.5869,1.3831,1.7423,8.08,3.6828,18.6875,0.0,46.730640698191,0.0,5.642244622876,0.0,188.68385744763
33,pyruvate metabolism,R37 net,AC + ATP <-> ACCOAcyt,ACS or reverse_ACOAH,,3.66,2.7483,4.6673,2.5096,2.3059,2.6546,12.5066,8.109,23.1128,0.0,43.068716398179,0.0,2.746453364232,0.0,172.74106077691
34,pyruvate metabolism,ACL,CITcyt + ATP -> OAAcyt + ACCOAcyt,ATPCitL,,47.1737,32.966,54.2681,0.2297,0.0,0.8827,,,,32.966,54.2681,0.0,0.8827,41.01441598123,387.99435864263
35,glyoxylate shunt,R41.2 net,CITcyt <-> ICTcyt,ACONT,"(1027, 38)",16.0091,5.3272,21.8437,6.7755,5.9554,7.755,380.8702,354.773,421.8486,-19.069889301982,53.223814368968,-20.604420312024,-17.526460306231,348.08504964546,453.51211319319
36,glyoxylate shunt,R43.2,ICTcyt -> GLYOXYcyt + SUCcyt,ICL,"(1589, 38)",16.0091,5.3272,21.8437,6.7755,5.9554,7.755,380.8702,354.773,421.8486,5.3272,21.8437,0.0,0.514960005793,354.773,421.84860000000003
37,glyoxylate shunt,R45,ACCOAcyt + GLYOXYcyt -> MALcyt,MALS,"(1078, 294)",16.0091,5.3272,21.8437,6.7755,5.9554,7.755,380.8702,354.773,421.8486,5.3272,21.843699999999,0.0,0.588525720907,354.773,421.84860000000003
38,glyoxylate shunt,R46 net,MALcyt <-> OAAcyt + NADH,MDH,"(-511, -814)",-57.4445,-65.0182,-45.4439,1.4664,0.458,3.1383,305.9919,235.409,406.0944,-267.316334216124,112.53156872509,-17.490651646974,-10.625952062445,238.07880091667,1447.49216655903
39,compartment transport,R18,PYRcyt -> PYRmit,PYRt2m,"(-234, -230)",110.5956,101.3061,118.4185,58.9536,58.1367,60.5901,74.2508,6.2159,153.1349,-128.020856353042,120.055307598529,21.395711651334,25.134831550417,-713.38344015563,143.35375455011
40,compartment transport,R42 net,ACCOAcyt <-> ACCOAmit,CSNATifm or reverse_CSNATirm,"(494, -94)",,,,-19.0021,-19.9564,-17.9197,352.2789,315.9699,383.4,-45.594473995843,31.479762405858,-18.966021387934,-13.018545397053,233.23792746759,514.87243885638
41,compartment transport,cit transp,CITmit -> CITcyt,CITtam or CITtbm or CITtcm,"(1129, -302)",63.1827,38.3595,75.9248,7.0052,6.1852,8.1005,380.8702,354.773,421.8486,-85.3507,-28.436999999999,16.919604056231,21.373427254009,-423.20099999999996,-343.9817
42,compartment transport,R44,SUCcyt -> SUCmit,SUCCtm,"(1687, -677)",16.0525,5.3659,21.8883,6.7941,5.9741,7.7735,380.9902,354.8905,421.9682,0.0,48.8226,0.0,0.514960005793,0.0,423.3663
43,compartment transport,R47,MALcyt -> MALmit,MALtm or reverse_CITtam or reverse_DICtm,"(-98, -843)",73.4536,56.0663,84.4458,5.309,4.2109,6.4196,74.8783,15.046,154.6591,41.5674,302.461972770709,30.800639994206,35.797753364232,1.268,896.3002443031301
44,amino acid biosynthesis,R48.2,G3P + GLU -> SER + AKG + NADH,,,4.6826,4.0149,5.1929,1.544,1.4715,1.6458,5.3065,0.0,7.5053,,,,,,
45,amino acid biosynthesis,R50 net,SER <-> GLY + MTHF,,,1.9558,1.4824,2.363,0.3722,0.2996,0.474,1.1133,-4.192,3.3059,,,,,,
46,amino acid biosynthesis,R51.2 net,GLY <-> CO2 + MTHF + NADH,,,-0.6975,-1.0896,-0.2458,0.1686,0.0667,0.2463,1.5267,-0.672,6.8312,,,,,,
47,amino acid biosynthesis,R52,AKG + NADPH -> GLU,,,50.6325,44.4485,53.9465,22.228,21.9286,22.3005,87.0455,82.2412,92.3244,,,,,,
48,amino acid biosynthesis,R53,GLU + ATP -> GLN,,,7.3325,6.4366,7.7586,3.1512,3.1093,3.1512,11.9065,11.3553,11.9029,,,,,,
49,amino acid biosynthesis,R54,GLU + ATP + 2*NADPH -> PRO,,,1.8718,1.6431,1.9805,0.8044,0.7937,0.8044,3.0,2.861,2.9991,,,,,,
50,amino acid biosynthesis,R55.2,GLU + GLU + CO2 + GLN + ASP + ACCOAmit + 4*ATP + NADPH -> AKG + ARG + GLU + FUMmit + AC,,,1.5699,1.3781,1.6611,0.6747,0.6657,0.6747,2.8333,2.7021,2.8324,,,,,,
51,amino acid biosynthesis,R56,OAAcyt + GLU -> ASP + AKG,,,1.9677e-06,0.0,10.8512,7.1488,6.6438,7.2937,1.0029e-07,0.0,36.18,,,,,,
52,amino acid biosynthesis,R56.m,OAAmit + GLU -> ASP + AKG,,,14.6128,4.3501,16.1442,0.0679,0.0,0.5752,31.4063,0.0,42.0068,,,,,,
53,amino acid biosynthesis,R58,ASP + GLN + ATP -> ASN + GLU,,,2.0831,1.8286,2.2041,0.8952,0.8833,0.8952,3.0,2.861,2.9991,,,,,,
54,amino acid biosynthesis,R60,PYRmit + GLU -> ALA + AKG,,,4.287,3.7632,4.536,1.8423,1.8179,1.8423,6.4999,6.1989,6.498,,,,,,
55,amino acid biosynthesis,R61,ASP + 2*ATP + 2*NADPH -> THR,,,5.7395,4.7342,6.8366,3.4033,3.1995,3.5483,14.7466,10.3464,25.3521,,,,,,
56,amino acid biosynthesis,R62,THR -> GLY + AA,,,1.5129,0.689,2.4518,1.5869,1.3831,1.7423,8.08,3.6828,18.6875,,,,,,
57,amino acid biosynthesis,R63.2,SER + ACCOAcyt + ASP + CO2 + 3*ATP + 4*NADPH -> CYS + AC + SUCcyt,,,0.0435,0.0382,0.046,0.0187,0.0184,0.0187,0.12,0.1144,0.12,,,,,,
58,amino acid biosynthesis,R64,ASP + MTHF + ACCOAcyt + ATP + 2*NADPH -> MET + AC,,,0.5338,0.4685,0.5648,0.2294,0.2263,0.2294,1.4733,1.4051,1.4729,,,,,,
59,amino acid biosynthesis,R65,AKG + ACCOAcyt + GLU + GLU + 2*NADPH -> LYS + CO2 + AKG + AKG + 2*NADH,,,2.8378,2.4911,3.0027,1.2196,1.2034,1.2196,4.3333,4.1326,4.332,,,,,,
60,amino acid biosynthesis,R67,PYRmit + PYRmit + GLU + NADPH -> VAL + CO2 + AKG,,,2.7775,2.4381,2.9388,1.1936,1.1778,1.1936,4.1666,3.9736,4.1654,,,,,,
61,amino acid biosynthesis,R69,PEP + PEP + E4P + GLU + ATP + NADPH -> PHE + CO2 + AKG,,,1.4491,1.2721,1.5333,0.6228,0.6145,0.6228,2.1666,2.0663,2.166,,,,,,
62,amino acid biosynthesis,R70,PEP + PEP + E4P + GLU + ATP + NADPH -> TYR + CO2 + AKG + NADPH,,,0.8453,0.742,0.8944,0.3633,0.3585,0.3633,1.6666,1.5895,1.6661,,,,,,
63,amino acid biosynthesis,R71.2,SER + R5P + PEP + E4P + PEP + GLN + 3*ATP + NADPH -> TRP + CO2 + GAP + PYRcyt + GLU,,,0.0266,0.0233,0.0281,0.0114,0.0113,0.0114,0.0733,0.0699,0.0733,,,,,,
64,amino acid biosynthesis,R72.2,R5P + MTHF + GLN + ASP + 5*ATP -> HIS + AKG + FUMmit + 2*NADH,,,0.7246,0.636,0.7667,0.3114,0.3072,0.3114,1.1666,1.1126,1.1663,,,,,,
65,amino acid biosynthesis,R76,PYRmit + THR + GLU + NADPH -> ILE + CO2 + AKG,,,1.8114,1.5901,1.9166,0.7785,0.7681,0.7785,3.0,2.861,2.9991,,,,,,
66,amino acid biosynthesis,R77,ACCOAmit + PYRmit + PYRmit + GLU + NADPH -> LEU + CO2 + CO2 + AKG + NADH,,"(-1670, -1049)",2.8982,2.5441,3.0666,1.2455,1.229,1.2455,4.6666,4.4505,4.6652,,,,,,
67,biomass formation,R80 gluc 1207 avg AA 10%lip,0.355*ALA + 0.13*ARG + 0.1725*ASN + 0.1725*ASP + 0.0036*CYS + 0.2425*GLN + 0.2425*GLU + 0.285*GLY + 0.06*HIS + 0.15*ILE + 0.24*LEU + 0.235*LYS + 0.0442*MET + 0.12*PHE + 0.155*PRO + 0.22*SER + 0.2*THR + 0.0022*TRP + 0.07*TYR + 0.23*VAL + 2.601*ACCOAcyt + 0.124*DHAP + 2.601*ATP + 5.203*NADPH + 0.124*NADH + 0.123*R5P + 0.152*ASP + 0.06*GLY + 1.7*G6P -> biomass + 0.076*FUM,biomass_glucose or biomass_oil,,12.0759,10.6005,12.7776,5.1897,5.1208,5.1897,33.3329,31.789,33.3229,10.6005,12.5260786613,5.1208,5.134247570641,31.789,33.3229
68,energy metabolism,R81,ATP -> ATP_maintenance,ATPM,,777.9308,616.6971,1065.5,732.6892,728.5648,746.4218,4958.8,4913.0,5235.4,0.0,223.880506945944,0.0,2.059840023174,0.0,527.3571342092599
69,energy metabolism,R82,NADH -> NADPH,,,2.2879e-06,0.0,20.6486,1e-07,0.0,9.5711,9.9874e-08,0.0,104.9593,,,,,,
70,energy metabolism,R83,NADH -> 2.5*ATP,,"(-1670, -1155)",308.1479,264.7777,398.4924,204.2585,202.6647,208.1858,1520.9,1503.1,1612.3,,,,,,
71,co2_formation,R79,CO2 -> CO2_EX,reverse_CO2t,,203.89,,253.7007,129.7695,,132.0301,738.7619,739.0788,787.9127,150.797501234822,250.903611178442,44.848064340234,47.171409078045,600.7314548304801,793.35796910292
